Pais,Pareto
ENG,0.6947688987163619
ESP,0.7525864992046842
ITA,0.7738595642697846
