,Liga,Pareto
0,Serie A,0.7738499766384913
1,Premier,0.6816254219452862
2,La Liga,0.7772841186439569
