,Pais,Pareto
0,ENG,0.6947688987163619
1,ESP,0.7525864992046842
2,ITA,0.7738595642697846
